nombre,apellido,email,fecha
Dorrie,Ockendon,dockendon0@t-online.de,1/21/2019
Sonja,Jellicorse,sjellicorse1@economist.com,2/8/2019
Tracie,Breward,tbreward2@parallels.com,12/1/2018
Benito,Signe,bsigne3@nba.com,7/2/2019
Anson,Camblin,acamblin4@cnbc.com,8/17/2018
Pru,Frudd,pfrudd5@usgs.gov,4/19/2019
Charmane,Caruth,ccaruth6@loc.gov,3/14/2019
Bernarr,Dunthorne,bdunthorne7@php.net,7/29/2018
Garvin,Nitto,gnitto8@ning.com,4/21/2019
Catlin,Fuente,cfuente9@constantcontact.com,3/14/2019
Othilie,Berth,obertha@ucla.edu,1/15/2019
Jaclin,Fishly,jfishlyb@desdev.cn,12/18/2018
Anna-diana,Liepins,aliepinsc@mozilla.org,8/10/2018
Odelia,Witherdon,owitherdond@comcast.net,4/14/2019
Calhoun,Horick,choricke@google.com.br,4/27/2019
Rochette,Lightfoot,rlightfootf@ed.gov,12/9/2018
Magda,Puddefoot,mpuddefootg@shareasale.com,2/9/2019
Dee,Garvey,dgarveyh@bbc.co.uk,1/24/2019
Ronny,Paff,rpaffi@fc2.com,4/22/2019
Afton,Clemenson,aclemensonj@msu.edu,11/26/2018
Nance,Edensor,nedensork@oaic.gov.au,3/16/2019
Ingra,Sheards,isheardsl@reddit.com,12/26/2018
Germaine,Verring,gverringm@amazon.de,8/21/2018
Aristotle,Wastall,awastalln@upenn.edu,2/28/2019
Waverley,Culligan,wculligano@elpais.com,12/1/2018
Wallache,Duffan,wduffanp@businessinsider.com,12/3/2018
Simona,Oppy,soppyq@google.es,6/2/2019
Jarvis,Bonnesen,jbonnesenr@mac.com,7/29/2018
Padget,Rockwell,prockwells@51.la,2/24/2019
Dyna,Tabbernor,dtabbernort@artisteer.com,8/1/2018
Mason,MacDunleavy,mmacdunleavyu@dot.gov,3/24/2019
Johnathon,Hounsham,jhounshamv@t-online.de,11/21/2018
Diann,Sciusscietto,dsciussciettow@vistaprint.com,6/12/2019
Barde,Plover,bploverx@instagram.com,12/2/2018
Jobina,Pigden,jpigdeny@fotki.com,8/22/2018
Deanne,Grogona,dgrogonaz@europa.eu,8/17/2018
Heloise,Lound,hlound10@bloomberg.com,5/14/2019
Arliene,Nelligan,anelligan11@elegantthemes.com,7/22/2019
Ines,Risman,irisman12@abc.net.au,11/12/2018
Base,Le Gall,blegall13@g.co,7/5/2019
Ebba,Bottby,ebottby14@google.nl,6/5/2019
Lenee,Phillpotts,lphillpotts15@utexas.edu,6/26/2019
Karel,Kimm,kkimm16@census.gov,6/23/2019
Neron,Robeson,nrobeson17@yolasite.com,9/14/2018
Bobbee,Ullrich,bullrich18@jugem.jp,12/8/2018
Frances,Forlong,fforlong19@google.pl,8/7/2018
Chrystel,Booij,cbooij1a@fastcompany.com,9/20/2018
Beatriz,Giraudou,bgiraudou1b@ebay.co.uk,11/29/2018
Mia,Oppery,moppery1c@examiner.com,12/5/2018
Tobe,Faers,tfaers1d@technorati.com,6/9/2019
Chandra,Fergyson,cfergyson1e@elegantthemes.com,3/29/2019
Emilie,Murrie,emurrie1f@umn.edu,11/15/2018
Barri,Thresh,bthresh1g@i2i.jp,3/14/2019
Klaus,Wheildon,kwheildon1h@mashable.com,6/8/2019
Sayre,Beggio,sbeggio1i@google.co.uk,12/8/2018
Arther,Naismith,anaismith1j@statcounter.com,5/21/2019
Carney,Sabati,csabati1k@purevolume.com,12/17/2018
Serge,Gatling,sgatling1l@tripadvisor.com,3/27/2019
Ignace,Timny,itimny1m@scribd.com,3/26/2019
Brook,Kerans,bkerans1n@blogtalkradio.com,8/10/2018
Aguste,Dyment,adyment1o@comcast.net,1/26/2019
Chlo,Smetoun,csmetoun1p@mail.ru,11/11/2018
Brandy,Freiberg,bfreiberg1q@angelfire.com,5/20/2019
Balduin,Shetliff,bshetliff1r@usgs.gov,3/11/2019
Spence,Posselt,sposselt1s@mac.com,9/18/2018
Charo,Hankey,chankey1t@elegantthemes.com,6/24/2019
Pammy,Orridge,porridge1u@usda.gov,9/17/2018
Asher,Itzcovichch,aitzcovichch1v@stanford.edu,8/29/2018
Helaina,Caramuscia,hcaramuscia1w@live.com,1/19/2019
Cyndi,Bolte,cbolte1x@chronoengine.com,11/26/2018
Prince,Hows,phows1y@imgur.com,4/8/2019
Barthel,Bernade,bbernade1z@simplemachines.org,4/27/2019
Chen,Deegan,cdeegan20@wp.com,1/25/2019
Khalil,Nigh,knigh21@blinklist.com,4/22/2019
Delphine,Gynni,dgynni22@last.fm,11/4/2018
Zechariah,Bramer,zbramer23@1und1.de,8/19/2018
Andrej,Bleiman,ableiman24@blogger.com,9/14/2018
Briney,Poytres,bpoytres25@aboutads.info,10/18/2018
Malinda,Bunker,mbunker26@hc360.com,7/6/2019
Tobias,Fancutt,tfancutt27@psu.edu,12/14/2018
Damara,Lepper,dlepper28@soup.io,6/17/2019
Ashleigh,Geggus,ageggus29@linkedin.com,3/3/2019
Mellisa,Eckhard,meckhard2a@wikipedia.org,9/28/2018
Owen,Cartmael,ocartmael2b@zdnet.com,6/23/2019
Vera,De Biasi,vdebiasi2c@mozilla.org,1/14/2019
Marci,Ubee,mubee2d@123-reg.co.uk,12/3/2018
Kirstyn,Thelwll,kthelwll2e@redcross.org,4/5/2019
Lanita,Scullin,lscullin2f@bloomberg.com,7/10/2019
Kessiah,Pariso,kpariso2g@census.gov,8/1/2018
Kellyann,Taffrey,ktaffrey2h@umich.edu,9/14/2018
Kay,Berston,kberston2i@moonfruit.com,4/8/2019
Ludovika,Crocroft,lcrocroft2j@newyorker.com,1/27/2019
Anthony,Nealand,anealand2k@hp.com,6/17/2019
Ealasaid,Gwilliams,egwilliams2l@godaddy.com,9/2/2018
Bart,Cawkwell,bcawkwell2m@devhub.com,4/1/2019
Llewellyn,Kassel,lkassel2n@miibeian.gov.cn,5/10/2019
Yanaton,Loudian,yloudian2o@wunderground.com,6/14/2019
Mindy,Sappy,msappy2p@surveymonkey.com,10/16/2018
Clare,Raulin,craulin2q@addthis.com,9/13/2018
Federica,Dawidowsky,fdawidowsky2r@nbcnews.com,11/6/2018
Ariel,Whild,awhild2s@google.cn,12/11/2018
Nat,Espadas,nespadas2t@51.la,3/22/2019
Tally,McNeil,tmcneil2u@admin.ch,12/14/2018
Alexa,Munnis,amunnis2v@sakura.ne.jp,10/1/2018
Tammy,Fayre,tfayre2w@chronoengine.com,8/27/2018
Farris,Lashford,flashford2x@1688.com,7/14/2019
Callean,Dorrell,cdorrell2y@usnews.com,12/10/2018
Anson,Forsaith,aforsaith2z@reuters.com,4/28/2019
Lindsey,Ethington,lethington30@earthlink.net,6/10/2019
Theadora,Mix,tmix31@blogger.com,12/31/2018
Jeremiah,Canet,jcanet32@abc.net.au,10/29/2018
Mariele,Sammon,msammon33@amazon.co.uk,3/8/2019
Addia,Mathivet,amathivet34@nature.com,6/25/2019
West,Booton,wbooton35@yandex.ru,2/21/2019
Dalt,Klais,dklais36@newsvine.com,4/15/2019
Ricardo,Duigenan,rduigenan37@cpanel.net,7/23/2018
Terrell,Willmott,twillmott38@google.com.au,3/24/2019
Aurelea,Sabbin,asabbin39@homestead.com,2/15/2019
Nataline,Sawrey,nsawrey3a@spotify.com,4/5/2019
Mar,Micklem,mmicklem3b@1688.com,5/27/2019
Jarrod,Bittleson,jbittleson3c@guardian.co.uk,10/3/2018
Tadeas,Cooney,tcooney3d@digg.com,7/29/2018
Bathsheba,Leete,bleete3e@addthis.com,8/20/2018
Willi,McPhail,wmcphail3f@dion.ne.jp,5/16/2019
Chadd,Aitchinson,caitchinson3g@google.fr,7/13/2019
Johna,Brislen,jbrislen3h@prnewswire.com,7/16/2019
Denys,Yewman,dyewman3i@geocities.jp,2/27/2019
Gabbie,Simounet,gsimounet3j@w3.org,7/24/2018
Winny,Bauser,wbauser3k@usa.gov,2/15/2019
Dorene,Hamon,dhamon3l@skyrock.com,12/30/2018
Victor,Brasher,vbrasher3m@mayoclinic.com,1/23/2019
Katusha,Muslim,kmuslim3n@t.co,11/20/2018
Garnette,Preene,gpreene3o@mozilla.org,5/25/2019
Lucais,Fouracres,lfouracres3p@edublogs.org,6/15/2019
Casey,Stiell,cstiell3q@sun.com,8/2/2018
Darell,Nutt,dnutt3r@gmpg.org,12/14/2018
Greta,Toynbee,gtoynbee3s@army.mil,2/16/2019
Web,Blaase,wblaase3t@shutterfly.com,8/31/2018
Odey,Gerdts,ogerdts3u@jimdo.com,1/9/2019
Sonja,Artharg,sartharg3v@state.tx.us,7/6/2019
Saunder,Fodden,sfodden3w@cocolog-nifty.com,4/15/2019
Holly,Gallally,hgallally3x@purevolume.com,10/20/2018
Karlis,Phipps,kphipps3y@hostgator.com,7/16/2019
Leah,Hebner,lhebner3z@indiegogo.com,8/12/2018
Kizzee,Hagland,khagland40@umich.edu,2/1/2019
Gamaliel,Dougharty,gdougharty41@techcrunch.com,1/21/2019
Moselle,Pfeffle,mpfeffle42@theguardian.com,9/1/2018
Dennison,Kleinberer,dkleinberer43@wsj.com,6/2/2019
Konstance,Fitzpayn,kfitzpayn44@hexun.com,7/25/2018
Norby,Antonchik,nantonchik45@technorati.com,7/31/2018
Dasha,Raffan,draffan46@mlb.com,12/17/2018
Brian,Girardoni,bgirardoni47@fastcompany.com,5/23/2019
Donnie,Whittle,dwhittle48@g.co,5/29/2019
York,Iliff,yiliff49@amazon.co.jp,11/5/2018
Randie,Swindells,rswindells4a@census.gov,7/10/2019
Hanny,Candie,hcandie4b@eepurl.com,8/21/2018
Netti,Minghi,nminghi4c@nydailynews.com,3/29/2019
Travus,Hurleston,thurleston4d@myspace.com,9/23/2018
Arabele,Pfeffle,apfeffle4e@wordpress.org,1/10/2019
Alix,Boice,aboice4f@wikia.com,6/21/2019
Charmian,Remmer,cremmer4g@kickstarter.com,7/14/2019
Edgar,Southerns,esoutherns4h@unicef.org,11/27/2018
Cheryl,Bruyet,cbruyet4i@delicious.com,12/4/2018
Niki,Ellum,nellum4j@cornell.edu,10/31/2018
Leelah,Ruslinge,lruslinge4k@europa.eu,9/27/2018
Mart,Dalmon,mdalmon4l@craigslist.org,9/23/2018
Rinaldo,Hinrichsen,rhinrichsen4m@epa.gov,4/25/2019
Gradeigh,Cosley,gcosley4n@geocities.com,12/4/2018
Laryssa,Seefeldt,lseefeldt4o@techcrunch.com,12/31/2018
Andreana,Wharby,awharby4p@wikia.com,7/14/2019
Jolene,Jeynes,jjeynes4q@weibo.com,12/23/2018
Miles,Letessier,mletessier4r@aol.com,7/2/2019
Neysa,Kopf,nkopf4s@aboutads.info,11/23/2018
Bondy,Foxten,bfoxten4t@vimeo.com,5/24/2019
Billye,Danbrook,bdanbrook4u@ustream.tv,1/28/2019
Roderic,Pinor,rpinor4v@princeton.edu,5/23/2019
Celine,Wombwell,cwombwell4w@sfgate.com,7/10/2019
Alasdair,Clemmitt,aclemmitt4x@webmd.com,9/22/2018
Kelvin,Barnewille,kbarnewille4y@google.com.au,12/24/2018
Obadias,Weller,oweller4z@elpais.com,3/25/2019
Nancie,Torres,ntorres50@globo.com,3/23/2019
Jim,Marsie,jmarsie51@usnews.com,10/22/2018
Fidelio,Blondel,fblondel52@blinklist.com,12/19/2018
Mandel,Lait,mlait53@ucsd.edu,10/3/2018
Lorena,Riseborough,lriseborough54@quantcast.com,7/9/2019
Gnni,Carding,gcarding55@sourceforge.net,10/6/2018
Farrell,Atwel,fatwel56@shareasale.com,5/23/2019
Dillon,Glackin,dglackin57@vimeo.com,9/8/2018
Granger,Gostall,ggostall58@rambler.ru,7/6/2019
Padgett,Edgley,pedgley59@github.com,5/18/2019
Arny,Westby,awestby5a@edublogs.org,11/26/2018
Jaynell,Hought,jhought5b@so-net.ne.jp,2/13/2019
Englebert,Gemnett,egemnett5c@istockphoto.com,7/2/2019
Emlyn,Wasbey,ewasbey5d@sphinn.com,11/8/2018
Kacey,Batrip,kbatrip5e@goo.gl,8/14/2018
Amby,Litherland,alitherland5f@jugem.jp,7/26/2018
Elmer,Bowditch,ebowditch5g@twitter.com,12/7/2018
Connie,Trayhorn,ctrayhorn5h@twitpic.com,6/20/2019
Kellina,Oxton,koxton5i@jimdo.com,2/18/2019
Marlie,McGiven,mmcgiven5j@forbes.com,11/23/2018
Pattie,Yalden,pyalden5k@sakura.ne.jp,2/24/2019
Cleavland,Pryer,cpryer5l@ihg.com,4/28/2019
Bobbi,Dedham,bdedham5m@ft.com,12/4/2018
Domingo,Fischer,dfischer5n@biblegateway.com,12/25/2018
Anna,Fears,afears5o@sina.com.cn,2/10/2019
Bryana,Trussler,btrussler5p@redcross.org,12/23/2018
Dorothee,Laughlin,dlaughlin5q@spiegel.de,3/12/2019
Iseabal,Jikovsky,ijikovsky5r@europa.eu,3/18/2019
Wilone,Styan,wstyan5s@themeforest.net,2/4/2019
Kalli,Macy,kmacy5t@lulu.com,8/29/2018
Nico,Janus,njanus5u@imageshack.us,6/18/2019
Karmen,Ranstead,kranstead5v@studiopress.com,4/1/2019
Nobie,Matussov,nmatussov5w@webeden.co.uk,4/9/2019
Tammie,Petrozzi,tpetrozzi5x@prnewswire.com,12/31/2018
Tommi,Sebley,tsebley5y@house.gov,10/29/2018
Aurel,Corkan,acorkan5z@forbes.com,12/26/2018
Ado,Dimitrijevic,adimitrijevic60@admin.ch,6/7/2019
Mayor,Glisane,mglisane61@so-net.ne.jp,3/6/2019
Fin,Dunphie,fdunphie62@webnode.com,12/31/2018
Hansiain,Ziemsen,hziemsen63@edublogs.org,4/30/2019
Laughton,Moulin,lmoulin64@elegantthemes.com,9/5/2018
Alix,Castelow,acastelow65@printfriendly.com,6/9/2019
Jonie,Carillo,jcarillo66@amazonaws.com,11/15/2018
Fabio,Bradnam,fbradnam67@ebay.com,12/1/2018
Tarrance,Schimmang,tschimmang68@webeden.co.uk,9/14/2018
Berk,Dauncey,bdauncey69@toplist.cz,6/21/2019
Kort,Farnes,kfarnes6a@prlog.org,2/3/2019
Haily,Light,hlight6b@1688.com,5/27/2019
Carlynn,Monger,cmonger6c@uol.com.br,11/2/2018
Frankie,Jossel,fjossel6d@blinklist.com,3/8/2019
Deni,Signoret,dsignoret6e@utexas.edu,3/24/2019
Ranna,Alasdair,ralasdair6f@ask.com,3/6/2019
Lyle,Wakeham,lwakeham6g@sfgate.com,8/25/2018
Aldwin,Plenty,aplenty6h@hexun.com,7/15/2019
Con,McGawn,cmcgawn6i@nasa.gov,9/5/2018
Margaux,Stilgoe,mstilgoe6j@amazon.co.jp,1/4/2019
Laryssa,Singers,lsingers6k@netlog.com,8/27/2018
Sissy,Longmead,slongmead6l@fotki.com,9/4/2018
Leanora,Gwyneth,lgwyneth6m@t.co,2/10/2019
Tamma,Salvati,tsalvati6n@1und1.de,4/18/2019
Vinnie,Deppen,vdeppen6o@slate.com,5/1/2019
Lefty,Novis,lnovis6p@cisco.com,4/2/2019
Reinhard,Caine,rcaine6q@fema.gov,1/13/2019
Trev,ducarme,tducarme6r@japanpost.jp,12/28/2018
Keelia,Kivlehan,kkivlehan6s@51.la,1/24/2019
Traver,Treasure,ttreasure6t@earthlink.net,7/15/2019
Cullie,Miranda,cmiranda6u@economist.com,10/27/2018
Gizela,Zwicker,gzwicker6v@ocn.ne.jp,1/11/2019
Phineas,Lugsdin,plugsdin6w@de.vu,5/22/2019
Christoffer,Jacobowits,cjacobowits6x@mapquest.com,1/23/2019
Corella,Swannack,cswannack6y@moonfruit.com,10/15/2018
Ara,Horribine,ahorribine6z@about.me,3/16/2019
Lorelei,Knudsen,lknudsen70@exblog.jp,6/1/2019
Antons,Bilyard,abilyard71@indiegogo.com,7/10/2019
Carmine,Nevill,cnevill72@techcrunch.com,9/4/2018
Kaitlin,Firk,kfirk73@cdc.gov,11/11/2018
Wally,Dyerson,wdyerson74@smh.com.au,8/4/2018
Dick,Faltin,dfaltin75@state.tx.us,10/16/2018
Emmit,Casarini,ecasarini76@irs.gov,6/30/2019
Stacy,Bohills,sbohills77@biglobe.ne.jp,9/21/2018
Kira,Adey,kadey78@lycos.com,3/14/2019
Nolly,Caswall,ncaswall79@aboutads.info,1/1/2019
Lucretia,Turmell,lturmell7a@g.co,1/24/2019
Kaleena,Buist,kbuist7b@addtoany.com,4/3/2019
Tuckie,Sketh,tsketh7c@xing.com,7/6/2019
Drusy,Dagon,ddagon7d@de.vu,2/4/2019
Adriena,Veale,aveale7e@pbs.org,7/22/2019
Marnia,Renak,mrenak7f@ted.com,10/4/2018
Myca,Dobie,mdobie7g@spiegel.de,1/8/2019
Maxi,Franckton,mfranckton7h@etsy.com,3/25/2019
Clerc,Peasegod,cpeasegod7i@ft.com,11/25/2018
Shelba,Kuschek,skuschek7j@mayoclinic.com,10/28/2018
Row,Kraft,rkraft7k@mlb.com,3/3/2019
Dulciana,Tewkesberry,dtewkesberry7l@elegantthemes.com,4/25/2019
Merci,Brimfield,mbrimfield7m@uiuc.edu,12/8/2018
Marylin,Isacsson,misacsson7n@techcrunch.com,3/25/2019
Jordan,McKague,jmckague7o@gov.uk,9/11/2018
Merill,Bavidge,mbavidge7p@accuweather.com,6/18/2019
Zachary,Crowd,zcrowd7q@mysql.com,11/25/2018
Roseanna,Wearden,rwearden7r@npr.org,3/4/2019
Orelee,Readings,oreadings7s@un.org,1/7/2019
Barnaby,Postlethwaite,bpostlethwaite7t@wikipedia.org,6/14/2019
Odilia,Holburn,oholburn7u@surveymonkey.com,9/21/2018
Stephani,Pamment,spamment7v@home.pl,12/10/2018
Klarika,Hayley,khayley7w@reverbnation.com,1/18/2019
Bary,Madine,bmadine7x@shop-pro.jp,3/29/2019
Talia,Caherny,tcaherny7y@nba.com,2/11/2019
Toinette,Procter,tprocter7z@stumbleupon.com,9/29/2018
Josepha,Redmain,jredmain80@vkontakte.ru,11/17/2018
Irvine,Fredy,ifredy81@acquirethisname.com,7/11/2019
Baily,Crocket,bcrocket82@odnoklassniki.ru,9/22/2018
Mort,Duncombe,mduncombe83@tripod.com,6/23/2019
Raymond,Diglin,rdiglin84@mac.com,4/21/2019
Morse,Gittins,mgittins85@de.vu,10/11/2018
Dre,Dalli,ddalli86@foxnews.com,5/28/2019
Cece,Chaston,cchaston87@amazon.co.jp,3/14/2019
Erskine,Calladine,ecalladine88@google.co.uk,7/27/2018
Ralina,Fruen,rfruen89@diigo.com,3/6/2019
Casar,Hincham,chincham8a@ovh.net,7/11/2019
Modesta,Kamall,mkamall8b@stumbleupon.com,9/2/2018
Burty,Beeckx,bbeeckx8c@ask.com,1/28/2019
Rafferty,MacGinley,rmacginley8d@plala.or.jp,8/13/2018
Pammy,Maryott,pmaryott8e@tripadvisor.com,1/25/2019
Hammad,MacGille,hmacgille8f@tiny.cc,4/17/2019
Antoni,Hess,ahess8g@ibm.com,5/7/2019
Emlyn,Spoole,espoole8h@techcrunch.com,5/2/2019
Davon,Cubley,dcubley8i@imageshack.us,1/24/2019
Launce,Mitford,lmitford8j@booking.com,3/8/2019
Arden,Melburg,amelburg8k@hexun.com,4/13/2019
Waylin,Giovannacc@i,wgiovannacci8l@meetup.com,1/6/2019
Salomone,Quant,squant8m@examiner.com,2/6/2019
Kelsey,Fruish,kfruish8n@rakuten.co.jp,7/15/2019
Caitrin,Treace,ctreace8o@noaa.gov,3/20/2019
Ulrich,Hagley,uhagley8p@zimbio.com,4/27/2019
Issie,Loncaster,iloncaster8q@gmpg.org,10/9/2018
Horatia,Liddyard,hliddyard8r@freewebs.com,11/22/2018
Fara,Hargreves,fhargreves8s@aboutads.info,4/24/2019
Richy,Bushel,rbushel8t@about.me,4/11/2019
Evelina,Strowan,estrowan8u@dell.com,5/24/2019
Owen,Blethin,oblethin8v@unc.edu,8/24/2018
Rog,O'Shea,roshea8w@tamu.edu,3/29/2019
Glori,Filisov,gfilisov8x@shareasale.com,9/21/2018
Phedra,Ankrett,pankrett8y@infoseek.co.jp,8/19/2018
Jarrod,Sowden,jsowden8z@merriam-webster.com,3/20/2019
Vernice,Dumbar,vdumbar90@nifty.com,10/4/2018
Hortense,Stourton,hstourton91@whitehouse.gov,4/13/2019
Alec,Turnock,aturnock92@washington.edu,10/17/2018
Garth,Pigford,gpigford93@marriott.com,9/5/2018
Verney,Itzkowicz,vitzkowicz94@latimes.com,9/28/2018
Vivianne,Tuttle,vtuttle95@smugmug.com,10/8/2018
Muffin,Louys,mlouys96@fotki.com,4/3/2019
Karin,Grelik,kgrelik97@free.fr,2/15/2019
Burg,Hupka,bhupka98@ibm.com,5/27/2019
Patty,Archbold,parchbold99@examiner.com,2/8/2019
Scotty,Schonfeld,sschonfeld9a@bing.com,10/15/2018
Raye,Wilkerson,rwilkerson9b@google.pl,7/22/2019
Inessa,Fishbourne,ifishbourne9c@1688.com,12/13/2018
Henderson,Candlish,hcandlish9d@last.fm,9/22/2018
Antone,Carvill,acarvill9e@toplist.cz,9/20/2018
Jessica,Dunseith,jdunseith9f@sohu.com,8/18/2018
Perri,Polkinhorn,ppolkinhorn9g@merriam-webster.com,8/8/2018
Clyve,Barlee,cbarlee9h@over-blog.com,6/15/2019
Lolita,Cunniam,lcunniam9i@studiopress.com,4/16/2019
Fitzgerald,Mounce,fmounce9j@exblog.jp,5/20/2019
Leena,Jancey,ljancey9k@buzzfeed.com,6/1/2019
Hugibert,Cornthwaite,hcornthwaite9l@hao123.com,8/1/2018
Hinda,Abell,habell9m@wiley.com,11/9/2018
Horacio,A'Barrow,habarrow9n@craigslist.org,5/15/2019
Valentina,McKyrrelly,vmckyrrelly9o@shutterfly.com,7/26/2018
Lottie,Yokel,lyokel9p@businessweek.com,1/7/2019
Reinhard,Castelyn,rcastelyn9q@devhub.com,5/20/2019
Shannan,Kenan,skenan9r@cargocollective.com,10/10/2018
Editha,Branchflower,ebranchflower9s@fc2.com,8/21/2018
Fiorenze,Jirick,fjirick9t@auda.org.au,2/21/2019
Alyse,Sandall,asandall9u@cnbc.com,6/22/2019
Reta,Spaldin,rspaldin9v@phoca.cz,12/8/2018
Quintus,Volks,qvolks9w@comsenz.com,4/12/2019
Emylee,Keaysell,ekeaysell9x@cpanel.net,3/11/2019
Karlens,Gregor,kgregor9y@wp.com,6/11/2019
Sawyere,Broy,sbroy9z@berkeley.edu,12/27/2018
Ardene,Mooring,amooringa0@fema.gov,5/22/2019
Datha,Lewis,dlewisa1@usgs.gov,1/13/2019
Sayres,Chellam,schellama2@auda.org.au,1/28/2019
Filippa,Orry,forrya3@umich.edu,8/9/2018
Mollie,Dik,mdika4@toplist.cz,11/17/2018
Stan,Serrels,sserrelsa5@engadget.com,6/13/2019
Mona,Sandcroft,msandcrofta6@discovery.com,6/3/2019
Guntar,Ebertz,gebertza7@ameblo.jp,8/5/2018
Stace,Berridge,sberridgea8@hc360.com,2/9/2019
Dalton,Daniel,ddaniela9@wordpress.org,4/18/2019
Redford,Tattersdill,rtattersdillaa@nbcnews.com,11/22/2018
Benedict,Schruyer,bschruyerab@diigo.com,6/27/2019
Gabriel,Castrillo,gcastrilloac@dedecms.com,5/30/2019
Hannie,Semmens,hsemmensad@aboutads.info,11/5/2018
Ianthe,Guichard,iguichardae@wordpress.org,2/27/2019
Hali,Jedraszek,hjedraszekaf@barnesandnoble.com,2/17/2019
Malissa,Flode,mflodeag@unicef.org,6/29/2019
Pierrette,Aslin,paslinah@linkedin.com,12/17/2018
Guenna,Illidge,gillidgeai@networkadvertising.org,2/18/2019
Nye,Selman,nselmanaj@ftc.gov,7/1/2019
Marion,Wedgbrow,mwedgbrowak@chicagotribune.com,7/11/2019
Constantin,Honywill,chonywillal@studiopress.com,1/2/2019
Henrieta,McCaughey,hmccaugheyam@altervista.org,11/4/2018
Beaufort,MacKellen,bmackellenan@aol.com,8/7/2018
Ike,Mynott,imynottao@aol.com,3/17/2019
Cirillo,Flasby,cflasbyap@ocn.ne.jp,7/26/2018
Kile,Nutbeam,knutbeamaq@geocities.jp,12/20/2018
Dex,Whichelow,dwhichelowar@networksolutions.com,11/16/2018
Giffer,Dymick,gdymickas@bravesites.com,9/28/2018
Sauncho,Haslewood,shaslewoodat@odnoklassniki.ru,4/8/2019
Frederigo,Pering,fperingau@weebly.com,5/31/2019
Amata,Chicotti,achicottiav@salon.com,6/25/2019
Dulcy,Roskrug,droskrugaw@dyndns.org,4/29/2019
Evangelia,Bostock,ebostockax@google.fr,8/28/2018
Brocky,Mattussevich,bmattussevichay@storify.com,1/7/2019
Esdras,Martschke,emartschkeaz@is.gd,2/13/2019
Hollis,Redwin,hredwinb0@histats.com,9/25/2018
Harli,Detloff,hdetloffb1@oaic.gov.au,8/7/2018
Peggi,Ridsdell,pridsdellb2@e-recht24.de,11/28/2018
Petrina,Barnson,pbarnsonb3@stanford.edu,4/30/2019
Allen,Horsburgh,ahorsburghb4@globo.com,5/5/2019
Devy,Kinloch,dkinlochb5@dell.com,12/1/2018
Egon,Boutwell,eboutwellb6@skype.com,10/25/2018
Bobina,Standingford,bstandingfordb7@aboutads.info,6/24/2019
Leontyne,Chown,lchownb8@earthlink.net,5/12/2019
Alisander,Chinnery,achinneryb9@reddit.com,12/15/2018
Ninette,Maloney,nmaloneyba@networkadvertising.org,5/6/2019
Sheilah,Larmouth,slarmouthbb@wikimedia.org,4/25/2019
Pamelina,Kellough,pkelloughbc@vistaprint.com,5/12/2019
Christoffer,Luckin,cluckinbd@desdev.cn,5/22/2019
Celestia,Janiak,cjaniakbe@blogtalkradio.com,3/18/2019
Augie,Deeth,adeethbf@simplemachines.org,5/6/2019
Elmore,Franca,efrancabg@rambler.ru,3/15/2019
My,Hastler,mhastlerbh@rediff.com,4/7/2019
Renae,Feek,rfeekbi@opera.com,11/7/2018
Tanhya,Frays,tfraysbj@theglobeandmail.com,10/23/2018
Kienan,Cramphorn,kcramphornbk@google.com,7/17/2019
Inger,Feldhorn,ifeldhornbl@mozilla.com,7/15/2019
Mari,Haggard,mhaggardbm@addtoany.com,10/28/2018
Perry,Baron,pbaronbn@slate.com,3/25/2019
Giana,Rayer,grayerbo@163.com,11/12/2018
Demetris,Estoile,destoilebp@cisco.com,11/1/2018
Phillie,Bedson,pbedsonbq@unicef.org,5/22/2019
Aubree,Chaves,achavesbr@360.cn,6/12/2019
Bianka,Fosbraey,bfosbraeybs@nbcnews.com,4/2/2019
Edithe,Peaseman,epeasemanbt@aol.com,8/29/2018
Jyoti,Gallymore,jgallymorebu@ft.com,12/27/2018
Nicolina,McGeagh,nmcgeaghbv@telegraph.co.uk,4/10/2019
Nathaniel,Frangleton,nfrangletonbw@goo.ne.jp,5/29/2019
Vanni,Petteford,vpettefordbx@msn.com,2/16/2019
Munroe,Tremberth,mtremberthby@home.pl,5/5/2019
Phillipe,McGhie,pmcghiebz@free.fr,9/1/2018
Andria,Frunks,afrunksc0@apple.com,8/6/2018
Sharline,Wight,swightc1@bloglovin.com,4/21/2019
Fabien,Singleton,fsingletonc2@merriam-webster.com,7/11/2019
Madelle,Ianetti,mianettic3@histats.com,5/22/2019
Conny,Edinborough,cedinboroughc4@unblog.fr,8/25/2018
Magdaia,Kenningley,mkenningleyc5@shareasale.com,6/27/2019
Alisa,Bennis,abennisc6@delicious.com,10/27/2018
Gawain,MacDunleavy,gmacdunleavyc7@wsj.com,2/22/2019
Xavier,Williamson,xwilliamsonc8@springer.com,1/17/2019
Lyda,Pates,lpatesc9@about.com,1/19/2019
Candie,Boulsher,cboulsherca@typepad.com,6/24/2019
Tess,Toor,ttoorcb@wikispaces.com,1/4/2019
Tiphani,Dumbleton,tdumbletoncc@yelp.com,10/9/2018
Zola,Caulder,zcauldercd@newsvine.com,1/22/2019
Lynnet,Sinderland,lsinderlandce@ucsd.edu,1/31/2019
Carr,Whitley,cwhitleycf@who.int,2/1/2019
Fallon,Dunseath,fdunseathcg@diigo.com,1/10/2019
Beverlie,Gilpillan,bgilpillanch@nationalgeographic.com,9/17/2018
Aveline,Benstead,abensteadci@huffingtonpost.com,12/27/2018
Land,Curran,lcurrancj@squidoo.com,6/1/2019
Moreen,Shillington,mshillingtonck@pen.io,5/27/2019
Rodd,Turvie,rturviecl@biglobe.ne.jp,5/15/2019
Eal,Hoolaghan,ehoolaghancm@apple.com,9/20/2018
Othella,Ivanuschka,oivanuschkacn@xrea.com,3/30/2019
Benjamen,Lown,blownco@drupal.org,4/15/2019
Smitty,Nelle,snellecp@bbb.org,4/7/2019
Sarina,Hewell,shewellcq@goo.ne.jp,8/26/2018
Celestina,Gaywood,cgaywoodcr@miitbeian.gov.cn,11/21/2018
Rhodia,Haigh,rhaighcs@tamu.edu,1/6/2019
Barrie,Manketell,bmanketellct@storify.com,2/8/2019
Joaquin,Southcott,jsouthcottcu@t-online.de,5/6/2019
Viviyan,Benjefield,vbenjefieldcv@stumbleupon.com,7/22/2019
Sven,Gheorghe,sgheorghecw@google.de,9/9/2018
Geri,Beney,gbeneycx@addtoany.com,5/7/2019
Anastasia,Gatenby,agatenbycy@wp.com,3/2/2019
Marita,Wisedale,mwisedalecz@ebay.com,5/26/2019
Blaire,Cocker,bcockerd0@google.co.jp,2/19/2019
Cherilyn,Baiss,cbaissd1@globo.com,6/22/2019
Friedrich,Mathey,fmatheyd2@va.gov,6/8/2019
Iona,Farnorth,ifarnorthd3@blogger.com,5/1/2019
Christopher,Crippell,ccrippelld4@mozilla.org,7/23/2018
Olivia,Habert,ohabertd5@soundcloud.com,7/27/2018
Caesar,Edmand,cedmandd6@sogou.com,10/6/2018
Rickey,Ravens,rravensd7@slate.com,11/30/2018
Laure,Surr,lsurrd8@ifeng.com,3/10/2019
Smith,Brearty,sbreartyd9@trellian.com,9/5/2018
Adelbert,Thay,athayda@sogou.com,5/2/2019
Helen,Zoppo,hzoppodb@fda.gov,7/29/2018
Patrick,Hurdedge,phurdedgedc@foxnews.com,8/22/2018
Jsandye,Ellis,jellisdd@ask.com,2/4/2019
Kev,Neubigin,kneubiginde@slashdot.org,3/22/2019
Neil,Vedekhin,nvedekhindf@php.net,10/3/2018
Porty,Springthorpe,pspringthorpedg@stumbleupon.com,10/5/2018
Koralle,Grigoryov,kgrigoryovdh@slate.com,5/22/2019
Elfreda,Ritson,eritsondi@webs.com,4/10/2019
Bonnie,Mablestone,bmablestonedj@t-online.de,8/27/2018
Tory,Tanti,ttantidk@youtube.com,6/4/2019
Mayor,Littler,mlittlerdl@shutterfly.com,1/30/2019
Engracia,Mangenot,emangenotdm@gnu.org,6/21/2019
Buffy,McCole,bmccoledn@weebly.com,3/11/2019
Nowell,Wynch,nwynchdo@shinystat.com,6/18/2019
Martie,Novello,mnovellodp@addtoany.com,3/15/2019
Aldrich,Sember,asemberdq@imdb.com,5/29/2019
Anallise,Coase,acoasedr@yahoo.co.jp,8/30/2018
Emerson,Willatt,ewillattds@networksolutions.com,6/4/2019
Bertram,Waddams,bwaddamsdt@accuweather.com,2/12/2019
Sigismond,Bozier,sbozierdu@digg.com,10/21/2018
Margy,Ebbett,mebbettdv@odnoklassniki.ru,3/22/2019
Valeda,Axelbee,vaxelbeedw@walmart.com,12/20/2018
Toddie,Allott,tallottdx@globo.com,3/13/2019
Broderick,Witsey,bwitseydy@yelp.com,5/29/2019
Arly,Seagrove,aseagrovedz@wikia.com,5/8/2019
Jewelle,Cromie,jcromiee0@independent.co.uk,4/21/2019
Angy,Gronav,agronave1@addtoany.com,10/5/2018
Chrisse,Spurling,cspurlinge2@accuweather.com,10/10/2018
Byran,Hambelton,bhambeltone3@hhs.gov,11/12/2018
Stearn,McIlwraith,smcilwraithe4@illinois.edu,5/5/2019
Nikita,Copins,ncopinse5@businessinsider.com,2/27/2019
Skipp,O' Scallan,soscallane6@cpanel.net,4/10/2019
Maryanna,Akett,makette7@independent.co.uk,1/22/2019
Bordy,McDavitt,bmcdavitte8@nyu.edu,11/24/2018
Bram,Thurlbeck,bthurlbecke9@abc.net.au,2/23/2019
Shauna,Beilby,sbeilbyea@ebay.com,8/3/2018
Cece,Franzettoini,cfranzettoinieb@nbcnews.com,1/15/2019
Rahel,Tredger,rtredgerec@oaic.gov.au,4/22/2019
Perl,Causer,pcausered@networkadvertising.org,5/15/2019
Eunice,Phipson,ephipsonee@loc.gov,4/25/2019
Ali,Shovlar,ashovlaref@pen.io,3/17/2019
Sanders,Whitticks,swhittickseg@dyndns.org,1/7/2019
Odell,McComiskey,omccomiskeyeh@dailymotion.com,7/18/2019
Colin,Sambeck,csambeckei@trellian.com,10/31/2018
Hamish,Rosenstengel,hrosenstengelej@smh.com.au,11/23/2018
Bartel,Beatson,bbeatsonek@hhs.gov,10/22/2018
Theadora,Fortnam,tfortnamel@google.cn,6/13/2019
Fred,Champagne,fchampagneem@upenn.edu,2/21/2019
Gabriela,Miall,gmiallen@hibu.com,4/22/2019
Ricky,Logsdail,rlogsdaileo@mit.edu,3/13/2019
Jud,De Witt,jdewittep@scribd.com,12/7/2018
Harrie,Skacel,hskaceleq@livejournal.com,11/18/2018
Wye,Ottosen,wottosener@slate.com,12/31/2018
Nicolle,Elcom,nelcomes@berkeley.edu,8/18/2018
Blancha,Gandey,bgandeyet@ox.ac.uk,11/6/2018
Korey,Tubritt,ktubritteu@newyorker.com,6/3/2019
Wendel,Schultze,wschultzeev@pbs.org,7/3/2019
Pancho,Gullifant,pgullifantew@gmpg.org,6/7/2019
Holly-anne,Carlos,hcarlosex@msu.edu,8/24/2018
Tawsha,O'Dwyer,todwyerey@wikimedia.org,11/21/2018
Dorolice,Eseler,deselerez@arstechnica.com,8/26/2018
Jocelin,Domerc,jdomercf0@jiathis.com,7/30/2018
Martino,Ginty,mgintyf1@ebay.com,10/3/2018
Nessy,Robley,nrobleyf2@xing.com,2/26/2019
Roana,Bloxland,rbloxlandf3@skype.com,8/15/2018
Marci,Gayforth,mgayforthf4@auda.org.au,5/16/2019
Griffie,Raymond,graymondf5@irs.gov,12/9/2018
Lorrin,Ponceford,lponcefordf6@vinaora.com,5/20/2019
Zacharia,Keetley,zkeetleyf7@springer.com,4/23/2019
Harrie,Tosspell,htosspellf8@slideshare.net,3/30/2019
Shannen,Vasichev,svasichevf9@nyu.edu,6/9/2019
Averill,Boscher,aboscherfa@bloglines.com,4/26/2019
Ingeberg,Smillie,ismilliefb@state.tx.us,5/28/2019
Dorolice,Monteath,dmonteathfc@va.gov,9/28/2018
Gerry,Muldrew,gmuldrewfd@istockphoto.com,7/24/2018
Wally,Orpyne,worpynefe@devhub.com,9/23/2018
Jasen,Beynkn,jbeynknff@thetimes.co.uk,1/29/2019
Emilia,Rouge,erougefg@prnewswire.com,10/1/2018
Galvin,Kingsman,gkingsmanfh@trellian.com,7/25/2018
Aurore,Dedman,adedmanfi@umn.edu,11/23/2018
Edvard,Robyns,erobynsfj@comsenz.com,9/23/2018
Lynn,Tittletross,ltittletrossfk@utexas.edu,5/27/2019
Gale,Cadle,gcadlefl@cdbaby.com,1/17/2019
Pearle,Waldrum,pwaldrumfm@meetup.com,11/14/2018
Cyndia,Chattock,cchattockfn@ezinearticles.com,12/16/2018
Travus,Venart,tvenartfo@slideshare.net,6/24/2019
Tallou,Petyakov,tpetyakovfp@php.net,10/1/2018
Dani,Sedgemore,dsedgemorefq@blogspot.com,10/31/2018
Liva,Belliss,lbellissfr@newsvine.com,7/2/2019
Gordan,Stangroom,gstangroomfs@studiopress.com,12/4/2018
Reg,Sketh,rskethft@nature.com,9/8/2018
Aland,Troake,atroakefu@yahoo.co.jp,1/1/2019
Ann,Scurman,ascurmanfv@behance.net,3/16/2019
Minnie,Firidolfi,mfiridolfifw@pbs.org,6/27/2019
Janek,Giffkins,jgiffkinsfx@mozilla.org,6/5/2019
Maridel,Terne,mternefy@google.co.uk,6/7/2019
Bryn,Woolhouse,bwoolhousefz@google.cn,6/17/2019
Sawyer,Keeffe,skeeffeg0@eventbrite.com,9/21/2018
Ame,Heffy,aheffyg1@state.tx.us,12/27/2018
Hermann,Pagnin,hpagning2@harvard.edu,4/21/2019
Elnora,Teas,eteasg3@vistaprint.com,7/7/2019
Sam,McDiarmid,smcdiarmidg4@dot.gov,10/6/2018
Gordan,Sivyour,gsivyourg5@mediafire.com,2/15/2019
Olenka,Grimwood,ogrimwoodg6@google.ca,9/1/2018
Jessie,Pitchford,jpitchfordg7@nbcnews.com,9/18/2018
Andreana,Kenwyn,akenwyng8@bandcamp.com,6/20/2019
Johannah,Gibben,jgibbeng9@ibm.com,5/5/2019
Hamid,Brusle,hbruslega@imageshack.us,7/13/2019
Elsy,Tull,etullgb@auda.org.au,5/14/2019
Liza,Guyet,lguyetgc@dell.com,1/19/2019
Clayson,Hatley,chatleygd@discovery.com,10/22/2018
Tatiana,Ensten,tenstenge@a8.net,3/4/2019
Lionel,Colbron,lcolbrongf@bandcamp.com,3/12/2019
Griffie,Wimes,gwimesgg@tinyurl.com,2/22/2019
Verine,Von Oertzen,vvonoertzengh@amazon.de,1/12/2019
Elisabet,Darrigone,edarrigonegi@state.tx.us,4/17/2019
Odele,Khosa,okhosagj@techcrunch.com,4/14/2019
Elisha,Westrope,ewestropegk@wikia.com,11/28/2018
Timothea,Bernon,tbernongl@mayoclinic.com,9/17/2018
Ruperto,Gionettitti,rgionettittigm@house.gov,9/18/2018
Delores,Hurst,dhurstgn@surveymonkey.com,8/17/2018
Gawain,Applegarth,gapplegarthgo@sun.com,11/29/2018
Jan,Meenehan,jmeenehangp@ft.com,6/3/2019
Marsha,Haslam,mhaslamgq@sina.com.cn,1/11/2019
Heath,Kerrey,hkerreygr@sun.com,8/18/2018
Leonid,Erbe,lerbegs@prnewswire.com,11/3/2018
Garold,Thurstance,gthurstancegt@shareasale.com,3/11/2019
Jammal,Filipiak,jfilipiakgu@geocities.jp,5/24/2019
Broddy,Fitzsimon,bfitzsimongv@sitemeter.com,10/4/2018
Clarie,Bartczak,cbartczakgw@ucoz.com,6/9/2019
Roland,Telford,rtelfordgx@sphinn.com,10/2/2018
Daile,Bulfield,dbulfieldgy@plala.or.jp,2/8/2019
Prudi,Rorke,prorkegz@chron.com,6/11/2019
Cirilo,O'Connel,coconnelh0@addtoany.com,5/23/2019
Burl,Shillabeare,bshillabeareh1@apple.com,9/29/2018
Nicol,Fergusson,nfergussonh2@mysql.com,5/21/2019
Nickie,Sibyllina,nsibyllinah3@webeden.co.uk,5/2/2019
Mikael,Cargon,mcargonh4@soup.io,4/27/2019
Marie,Joire,mjoireh5@toplist.cz,3/1/2019
Janine,Dansey,jdanseyh6@state.tx.us,7/17/2019
Stevana,Elwyn,selwynh7@ed.gov,2/22/2019
Dulcine,Watson-Brown,dwatsonbrownh8@histats.com,4/23/2019
Stephenie,Drever,sdreverh9@cpanel.net,10/28/2018
Lida,Kay,lkayha@moonfruit.com,2/7/2019
Raynard,Meiklam,rmeiklamhb@edublogs.org,12/12/2018
Marys,McPhillimey,mmcphillimeyhc@ed.gov,4/17/2019
Velvet,Sibyllina,vsibyllinahd@ucoz.ru,3/20/2019
Hally,Farris,hfarrishe@cocolog-nifty.com,12/11/2018
Alfonso,Meineck,ameineckhf@flavors.me,7/14/2019
Mariam,Gulliford,mgullifordhg@un.org,4/22/2019
Theobald,Sanchez,tsanchezhh@examiner.com,12/11/2018
Joey,Woollin,jwoollinhi@wp.com,1/3/2019
Caldwell,Troy,ctroyhj@ow.ly,12/7/2018
Goldarina,Reichardt,greichardthk@tiny.cc,7/1/2019
Cate,Wallenger,cwallengerhl@businesswire.com,5/23/2019
Luisa,Irnis,lirnishm@businessweek.com,9/22/2018
Mehetabel,Meekings,mmeekingshn@livejournal.com,8/5/2018
Lauraine,Batisse,lbatisseho@omniture.com,1/22/2019
Ketty,Cushion,kcushionhp@hhs.gov,10/14/2018
Edlin,Matisse,ematissehq@360.cn,7/7/2019
Darrel,Levane,dlevanehr@clickbank.net,3/15/2019
Jodi,Aicken,jaickenhs@plala.or.jp,8/5/2018
Munmro,Ribbon,mribbonht@mlb.com,6/3/2019
Maxie,Friedank,mfriedankhu@etsy.com,2/7/2019
Chrissie,Clapham,cclaphamhv@cornell.edu,12/2/2018
Blinni,Burnhams,bburnhamshw@behance.net,7/4/2019
Tessa,Le Maitre,tlemaitrehx@fema.gov,4/23/2019
Birk,Gley,bgleyhy@nationalgeographic.com,12/13/2018
Kimbell,Enrich,kenrichhz@narod.ru,8/26/2018
Rozamond,Mitten,rmitteni0@newyorker.com,12/1/2018
Rog,Murton,rmurtoni1@jiathis.com,6/22/2019
Ashia,Cruddas,acruddasi2@nsw.gov.au,12/15/2018
Cully,Morgen,cmorgeni3@nps.gov,7/15/2019
Claudia,Manifold,cmanifoldi4@live.com,10/16/2018
Chryste,Scholig,cscholigi5@technorati.com,1/24/2019
Harley,Rennebeck,hrennebecki6@house.gov,12/30/2018
Esme,Lamboll,elambolli7@mit.edu,4/1/2019
Matthaeus,McAdam,mmcadami8@blinklist.com,9/8/2018
Barry,Swaton,bswatoni9@house.gov,10/20/2018
Anny,Beathem,abeathemia@pcworld.com,2/3/2019
Julina,Brito,jbritoib@weibo.com,10/25/2018
Sarajane,Van de Castele,svandecasteleic@reddit.com,12/3/2018
Darline,Budge,dbudgeid@intel.com,3/23/2019
Davis,Cheel,dcheelie@gizmodo.com,2/8/2019
Hedy,Dows,hdowsif@spiegel.de,2/27/2019
Hartwell,Crumbleholme,hcrumbleholmeig@blinklist.com,6/27/2019
Ewart,Goodliffe,egoodliffeih@mlb.com,6/13/2019
Theda,Feely,tfeelyii@mayoclinic.com,3/22/2019
Marga,Ewbanke,mewbankeij@storify.com,11/6/2018
Kincaid,Langford,klangfordik@ed.gov,11/1/2018
Julita,Paddie,jpaddieil@histats.com,4/25/2019
Sheila-kathryn,Whoolehan,swhoolehanim@cyberchimps.com,9/30/2018
Diannne,Redgrove,dredgrovein@prnewswire.com,10/15/2018
Carmelina,Rayer,crayerio@wp.com,3/15/2019
Drusie,Josskoviz,djosskovizip@vinaora.com,3/2/2019
Jecho,Frunks,jfrunksiq@wikimedia.org,1/7/2019
Daisi,Faircliff,dfaircliffir@economist.com,12/5/2018
Erminie,Bullick,ebullickis@sphinn.com,11/16/2018
Carroll,Heigold,cheigoldit@dmoz.org,1/20/2019
Abram,Klimp,aklimpiu@usnews.com,12/2/2018
Cathyleen,Benezeit,cbenezeitiv@indiegogo.com,5/8/2019
Budd,Llewellyn,bllewellyniw@people.com.cn,1/31/2019
Elwyn,Santen,esantenix@craigslist.org,4/23/2019
Dirk,Mackneis,dmackneisiy@friendfeed.com,3/26/2019
Gale,Bydaway,gbydawayiz@google.ru,7/18/2019
Lianne,Volker,lvolkerj0@plala.or.jp,2/2/2019
Emmalynne,Di Boldi,ediboldij1@elpais.com,12/22/2018
Decca,Cayle,dcaylej2@bing.com,12/9/2018
Lyn,Botright,lbotrightj3@ezinearticles.com,4/2/2019
Gerda,Blaxley,gblaxleyj4@tiny.cc,6/9/2019
Marcie,Sedger,msedgerj5@nationalgeographic.com,2/13/2019
Symon,Folshom,sfolshomj6@nbcnews.com,1/4/2019
Jarrad,Thrift,jthriftj7@tumblr.com,7/4/2019
Henriette,Crockley,hcrockleyj8@chicagotribune.com,10/6/2018
Genvieve,Corsham,gcorshamj9@bizjournals.com,9/11/2018
Fey,Amerighi,famerighija@webeden.co.uk,2/8/2019
Farleigh,Bowling,fbowlingjb@geocities.jp,6/9/2019
Woody,Jakel,wjakeljc@businesswire.com,3/24/2019
Barbey,Besque,bbesquejd@gizmodo.com,5/27/2019
Marisa,De Francesco,mdefrancescoje@elpais.com,3/30/2019
Marley,Basketfield,mbasketfieldjf@xinhuanet.com,6/7/2019
Krista,Haughian,khaughianjg@youtu.be,4/19/2019
Lauraine,Demsey,ldemseyjh@goo.gl,2/19/2019
Derek,Flag,dflagji@skyrock.com,2/3/2019
Eloisa,Byram,ebyramjj@dedecms.com,4/27/2019
Rouvin,Burgh,rburghjk@jigsy.com,6/30/2019
Frankie,Firpi,ffirpijl@prweb.com,8/8/2018
Humfrey,Hinrichs,hhinrichsjm@indiegogo.com,12/18/2018
Jacki,Elkington,jelkingtonjn@noaa.gov,5/16/2019
Crissy,Henryson,chenrysonjo@gnu.org,12/13/2018
Clementine,Tavinor,ctavinorjp@scribd.com,12/10/2018
Huntington,Bastin,hbastinjq@forbes.com,6/16/2019
Chevy,Trayhorn,ctrayhornjr@vimeo.com,6/23/2019
Yasmeen,Bisley,ybisleyjs@woothemes.com,1/5/2019
Jarad,Fretter,jfretterjt@blogger.com,8/19/2018
Gilberto,Belson,gbelsonju@cisco.com,6/17/2019
Antonia,Caveau,acaveaujv@ovh.net,2/28/2019
Kass,Adolfsen,kadolfsenjw@newyorker.com,1/15/2019
Madeline,Manvelle,mmanvellejx@seesaa.net,6/26/2019
Dill,Heaseman,dheasemanjy@mozilla.com,3/3/2019
Uriel,Corse,ucorsejz@aboutads.info,2/17/2019
Christiano,Ebsworth,cebsworthk0@ca.gov,1/31/2019
Marj,Sorey,msoreyk1@nymag.com,9/9/2018
Eb,Sewter,esewterk2@blog.com,3/19/2019
Martina,Clyburn,mclyburnk3@ebay.com,3/19/2019
Husein,Balentyne,hbalentynek4@cnet.com,1/1/2019
Waiter,Wignall,wwignallk5@census.gov,10/19/2018
Coleen,Heyburn,cheyburnk6@ameblo.jp,4/3/2019
Emlynne,Cottam,ecottamk7@webeden.co.uk,11/13/2018
Dawna,Wolstencroft,dwolstencroftk8@mapy.cz,1/26/2019
Roseline,Renfield,rrenfieldk9@yandex.ru,5/25/2019
Shepherd,Coetzee,scoetzeeka@businesswire.com,3/9/2019
Vernen,Schuricke,vschurickekb@arizona.edu,1/15/2019
Martita,Bastide,mbastidekc@cdbaby.com,11/12/2018
Domenic,Joynson,djoynsonkd@utexas.edu,10/8/2018
Sal,Cunnow,scunnowke@meetup.com,4/20/2019
Layton,McCullagh,lmccullaghkf@scientificamerican.com,3/17/2019
Bryan,Patel,bpatelkg@smh.com.au,5/9/2019
Gib,Castleton,gcastletonkh@ocn.ne.jp,2/28/2019
Ruddie,Chieco,rchiecoki@blogs.com,1/29/2019
Winona,Epelett,wepelettkj@cbc.ca,11/10/2018
Wainwright,Harhoff,wharhoffkk@posterous.com,7/20/2019
Pippo,Daveren,pdaverenkl@tuttocitta.it,11/23/2018
Kaitlin,Swede,kswedekm@yandex.ru,10/7/2018
Gay,Rowthorn,growthornkn@scribd.com,7/9/2019
Betsey,Look,blookko@accuweather.com,5/13/2019
Kalindi,Authers,kautherskp@tinyurl.com,10/7/2018
Riane,Common,rcommonkq@europa.eu,7/7/2019
Gillie,Sabberton,gsabbertonkr@joomla.org,9/11/2018
Lynnette,de Clercq,ldeclercqks@bbc.co.uk,11/24/2018
Zora,Drance,zdrancekt@google.it,3/8/2019
Bary,Bladon,bbladonku@earthlink.net,10/5/2018
Myrtle,Afonso,mafonsokv@ask.com,5/17/2019
Dotti,Mapother,dmapotherkw@gmpg.org,9/11/2018
Fina,Gallehawk,fgallehawkkx@bbc.co.uk,10/24/2018
Dur,Drewe,ddreweky@myspace.com,2/5/2019
Aleen,Ruddin,aruddinkz@photobucket.com,7/6/2019
Meyer,Eddisford,meddisfordl0@qq.com,12/8/2018
Gael,Caddies,gcaddiesl1@mozilla.com,6/5/2019
Sheri,McDougall,smcdougalll2@who.int,8/7/2018
Leah,De Antoni,ldeantonil3@cargocollective.com,6/21/2019
Milty,Donnel,mdonnell4@cisco.com,4/10/2019
Nessa,Rounds,nroundsl5@skyrock.com,9/23/2018
Nathalia,Dilger,ndilgerl6@latimes.com,2/20/2019
Alis,Tilford,atilfordl7@unicef.org,2/10/2019
Oby,Nary,onaryl8@census.gov,11/8/2018
Bowie,Sherreard,bsherreardl9@slashdot.org,4/30/2019
Reyna,Tzarkov,rtzarkovla@dagondesign.com,10/18/2018
Ana,Mertin,amertinlb@loc.gov,3/6/2019
Kalinda,Ofield,kofieldlc@intel.com,8/20/2018
Claribel,Crippill,ccrippillld@cdbaby.com,2/10/2019
Denys,Kobiela,dkobielale@tripadvisor.com,6/30/2019
Den,Ledson,dledsonlf@nymag.com,5/19/2019
Evangelina,Ort,eortlg@pen.io,8/14/2018
Winslow,Willcocks,wwillcockslh@amazon.de,9/3/2018
Eustace,Struss,estrussli@amazonaws.com,3/31/2019
Cob,Corbould,ccorbouldlj@amazon.co.jp,6/26/2019
Rosalinde,Brinkworth,rbrinkworthlk@technorati.com,7/28/2018
Tate,Guillot,tguillotll@omniture.com,11/16/2018
Vally,Watson-Brown,vwatsonbrownlm@who.int,7/17/2019
Emmy,Dornin,edorninln@webs.com,7/11/2019
Yuri,Oatley,yoatleylo@drupal.org,9/17/2018
Hamid,Satterfitt,hsatterfittlp@amazon.co.uk,8/18/2018
Claire,Szachniewicz,cszachniewiczlq@seesaa.net,9/25/2018
Gay,Willcot,gwillcotlr@cisco.com,11/11/2018
Yolande,Vedikhov,yvedikhovls@dropbox.com,7/21/2019
Shepherd,Hubbart,shubbartlt@4shared.com,12/16/2018
Alidia,Philimore,aphilimorelu@salon.com,4/22/2019
Issie,Fevier,ifevierlv@artisteer.com,8/25/2018
Wileen,Densumbe,wdensumbelw@deviantart.com,3/16/2019
Roby,Thredder,rthredderlx@icio.us,7/11/2019
Rania,Kitching,rkitchingly@furl.net,3/6/2019
Sammy,Bedwell,sbedwelllz@cam.ac.uk,6/16/2019
Marja,Plomer,mplomerm0@mozilla.org,12/25/2018
Jonie,Peaurt,jpeaurtm1@yahoo.co.jp,4/18/2019
Lenka,Kikke,lkikkem2@ihg.com,8/31/2018
Lotty,Twizell,ltwizellm3@bigcartel.com,9/20/2018
Julianna,Gowman,jgowmanm4@typepad.com,8/29/2018
Dionis,Danzey,ddanzeym5@xing.com,8/6/2018
Gregorius,Teece,gteecem6@independent.co.uk,1/4/2019
Elberta,Amber,eamberm7@123-reg.co.uk,12/23/2018
Reube,Behrendsen,rbehrendsenm8@zimbio.com,11/4/2018
Ardis,Lindgren,alindgrenm9@craigslist.org,5/24/2019
Filberto,Imlen,fimlenma@ucoz.com,7/4/2019
Lexis,Wadman,lwadmanmb@netlog.com,12/12/2018
Ardelis,Maps,amapsmc@mac.com,6/12/2019
Kermit,Shearston,kshearstonmd@npr.org,3/1/2019
Lena,Nardrup,lnardrupme@gravatar.com,11/30/2018
Janene,Corish,jcorishmf@ocn.ne.jp,3/3/2019
Corey,Eberlein,ceberleinmg@businessweek.com,10/5/2018
Viva,Renad,vrenadmh@usda.gov,3/27/2019
Aigneis,Livezley,alivezleymi@time.com,12/13/2018
Roselin,Donett,rdonettmj@wikipedia.org,12/29/2018
Sigrid,Duckitt,sduckittmk@nih.gov,2/9/2019
Therine,Rizzillo,trizzilloml@indiatimes.com,8/1/2018
Stafani,Lebond,slebondmm@cloudflare.com,11/3/2018
Rosemonde,Rabson,rrabsonmn@virginia.edu,3/7/2019
Natalina,Lippitt,nlippittmo@hubpages.com,5/11/2019
Cedric,McKernan,cmckernanmp@sina.com.cn,2/4/2019
Gaspar,Duddridge,gduddridgemq@flickr.com,1/22/2019
Rici,Peacop,rpeacopmr@acquirethisname.com,5/11/2019
Douglass,Grigoletti,dgrigolettims@dagondesign.com,11/27/2018
Titos,Shotbolt,tshotboltmt@mashable.com,6/11/2019
Yasmeen,Sauvain,ysauvainmu@rakuten.co.jp,6/22/2019
Netta,Burchell,nburchellmv@msu.edu,4/2/2019
Helen,Favill,hfavillmw@umich.edu,6/6/2019
Alberik,Measey,ameaseymx@mediafire.com,1/15/2019
Prentice,Duinbleton,pduinbletonmy@ebay.co.uk,12/28/2018
Fairleigh,Tregea,ftregeamz@cbc.ca,11/5/2018
Brittni,Bebbell,bbebbelln0@com.com,10/17/2018
Cole,Restorick,crestorickn1@mlb.com,12/30/2018
Zollie,Jurgensen,zjurgensenn2@apache.org,2/7/2019
Nickolas,Joutapavicius,njoutapaviciusn3@sbwire.com,12/6/2018
Liam,Edmondson,ledmondsonn4@scribd.com,1/25/2019
Fianna,Attree,fattreen5@msn.com,3/29/2019
Sharon,Drezzer,sdrezzern6@domainmarket.com,2/14/2019
Clemmy,Spurden,cspurdenn7@xing.com,3/19/2019
Colin,Matteini,cmatteinin8@wix.com,2/3/2019
Randi,Yarwood,ryarwoodn9@howstuffworks.com,6/7/2019
Honoria,Huglin,hhuglinna@hugedomains.com,12/17/2018
Cassie,Bostick,cbosticknb@biblegateway.com,10/27/2018
Isabeau,Skippings,iskippingsnc@flickr.com,4/2/2019
Husain,Celloni,hcellonind@wordpress.org,6/14/2019
Haskell,Thornham,hthornhamne@360.cn,4/15/2019
Ariela,Jowers,ajowersnf@tiny.cc,1/31/2019
Aluin,Sidlow,asidlowng@gravatar.com,5/24/2019
Falito,Rosgen,frosgennh@usgs.gov,1/24/2019
Doralynn,Merali,dmeralini@webeden.co.uk,7/13/2019
Corrinne,Irvine,cirvinenj@oaic.gov.au,2/26/2019
Claudius,Kingswell,ckingswellnk@fotki.com,12/22/2018
Prent,Sailor,psailornl@archive.org,7/8/2019
Kissee,Enbury,kenburynm@deviantart.com,11/2/2018
Teresita,Gregoratti,tgregorattinn@spiegel.de,5/3/2019
Carlie,Flagg,cflaggno@diigo.com,6/16/2019
Jocelin,Antunez,jantuneznp@nih.gov,4/2/2019
Korie,Blowick,kblowicknq@columbia.edu,10/18/2018
Niles,Halwood,nhalwoodnr@is.gd,2/3/2019
Oberon,McCooke,omccookens@google.co.uk,5/26/2019
Karleen,Villaret,kvillaretnt@house.gov,6/22/2019
Jere,Gaylord,jgaylordnu@marriott.com,3/5/2019
Maris,Screech,mscreechnv@ox.ac.uk,2/2/2019
Rocky,Sunter,rsunternw@independent.co.uk,6/22/2019
Jamill,Piddle,jpiddlenx@independent.co.uk,8/20/2018
Cale,Scotchmor,cscotchmorny@wikispaces.com,8/3/2018
Ariel,Pellissier,apellissiernz@blinklist.com,5/17/2019
Ronda,Pattillo,rpattilloo0@lycos.com,12/9/2018
Armando,Skaife,askaifeo1@over-blog.com,5/4/2019
Finlay,Wootton,fwoottono2@prnewswire.com,11/3/2018
Kathlin,Janic,kjanico3@bbc.co.uk,9/13/2018
Rosemary,Lindbergh,rlindbergho4@newsvine.com,11/17/2018
Ashien,Van Driel,avandrielo5@friendfeed.com,1/28/2019
Ernie,Pascho,epaschoo6@baidu.com,12/12/2018
May,D'Oyley,mdoyleyo7@deliciousdays.com,5/2/2019
Neda,Simmons,nsimmonso8@japanpost.jp,8/3/2018
Electra,Pieche,epiecheo9@domainmarket.com,4/26/2019
Blaine,Pioch,bpiochoa@archive.org,6/27/2019
Jakie,Lavies,jlaviesob@ycombinator.com,3/23/2019
Bernadette,Shillan,bshillanoc@icq.com,7/18/2019
Yevette,Rolley,yrolleyod@angelfire.com,7/16/2019
Renado,Hearley,rhearleyoe@163.com,3/13/2019
Leese,Becom,lbecomof@com.com,6/4/2019
Pet,Hardwich,phardwichog@cornell.edu,9/5/2018
Herculie,Loughlin,hloughlinoh@telegraph.co.uk,1/6/2019
Modesta,Iacomelli,miacomellioi@cnbc.com,8/19/2018
Garrot,de Nore,gdenoreoj@samsung.com,6/16/2019
Viv,Paulazzi,vpaulazziok@nationalgeographic.com,7/8/2019
Marris,Rowsell,mrowsellol@sogou.com,5/26/2019
Dan,Cunliffe,dcunliffeom@npr.org,10/26/2018
Shalom,Sear,ssearon@rambler.ru,9/9/2018
Charmain,Castagne,ccastagneoo@europa.eu,4/16/2019
Delora,Tillerton,dtillertonop@dailymotion.com,2/22/2019
Ursula,Petticrow,upetticrowoq@guardian.co.uk,6/27/2019
Haily,Scott,hscottor@amazonaws.com,6/27/2019
Sayers,Antcliffe,santcliffeos@mac.com,3/10/2019
Roxie,Yegorovnin,ryegorovninot@uol.com.br,12/31/2018
Normand,Tourner,ntournerou@wsj.com,11/3/2018
Birdie,O'Sherrin,bosherrinov@weibo.com,2/25/2019
Tamera,Widdocks,twiddocksow@cdbaby.com,9/15/2018
Brandon,Ruddoch,bruddochox@behance.net,9/19/2018
Panchito,Seamarke,pseamarkeoy@simplemachines.org,5/28/2019
Delinda,Eddisford,deddisfordoz@wsj.com,5/28/2019
Ursola,Cawthorn,ucawthornp0@ft.com,1/5/2019
Jenelle,Greeve,jgreevep1@yellowpages.com,9/30/2018
Nari,Berzin,nberzinp2@creativecommons.org,6/13/2019
Gregoire,Haliburton,ghaliburtonp3@gmpg.org,6/5/2019
Eldredge,Canby,ecanbyp4@etsy.com,6/8/2019
Lorna,Moughtin,lmoughtinp5@uiuc.edu,5/29/2019
Michel,Overill,moverillp6@bloomberg.com,3/10/2019
Antonino,Laybourn,alaybournp7@shutterfly.com,2/1/2019
Brady,Kobierzycki,bkobierzyckip8@utexas.edu,9/10/2018
Lorri,Rutherforth,lrutherforthp9@myspace.com,8/11/2018
Claus,Do,cdopa@yelp.com,8/27/2018
Ricki,Lamberti,rlambertipb@thetimes.co.uk,2/14/2019
Maryjane,Hunstone,mhunstonepc@irs.gov,8/10/2018
Arney,Shrigley,ashrigleypd@chron.com,2/25/2019
Renard,Vondrys,rvondryspe@google.com,3/16/2019
Sianna,Aish,saishpf@phoca.cz,10/26/2018
Thornie,Wilsher,twilsherpg@mashable.com,3/27/2019
Antons,Ferneyhough,aferneyhoughph@geocities.com,3/15/2019
Marlena,Stapels,mstapelspi@yolasite.com,10/30/2018
Daria,Tunn,dtunnpj@artisteer.com,6/11/2019
Juditha,Burling,jburlingpk@exblog.jp,4/30/2019
Leigh,Lauthian,llauthianpl@europa.eu,5/10/2019
Darcee,Gurdon,dgurdonpm@plala.or.jp,6/3/2019
Lebbie,Ralls,lrallspn@reference.com,9/4/2018
Casie,Craven,ccravenpo@squidoo.com,10/11/2018
Sosanna,Edelman,sedelmanpp@mozilla.org,10/12/2018
Modestine,Worster,mworsterpq@wix.com,1/13/2019
Louisette,Cotte,lcottepr@w3.org,9/15/2018
Xylina,Siuda,xsiudaps@ftc.gov,4/23/2019
Killy,Stops,kstopspt@tmall.com,3/3/2019
Mervin,Elward,melwardpu@spotify.com,4/18/2019
Belle,Francisco,bfranciscopv@tuttocitta.it,11/14/2018
Constancia,Shapiro,cshapiropw@163.com,9/9/2018
Debra,Royds,droydspx@myspace.com,9/12/2018
Sigvard,Fozzard,sfozzardpy@nyu.edu,4/11/2019
Uriah,Boken,ubokenpz@goo.ne.jp,2/12/2019
Cordelia,Tripcony,ctripconyq0@blogs.com,2/28/2019
Creight,Traice,ctraiceq1@mtv.com,12/13/2018
Kurtis,Tithecott,ktithecottq2@squarespace.com,9/25/2018
Goldie,Sowden,gsowdenq3@woothemes.com,7/14/2019
Alasteir,Semor,asemorq4@wordpress.org,11/17/2018
Devinne,Taffarello,dtaffarelloq5@ted.com,9/1/2018
Gisela,Roswarne,groswarneq6@creativecommons.org,5/30/2019
Alvy,Duckworth,aduckworthq7@bravesites.com,5/15/2019
Adam,Alkins,aalkinsq8@loc.gov,5/19/2019
Constantino,Darleston,cdarlestonq9@china.com.cn,12/5/2018
Deena,Judkin,djudkinqa@tiny.cc,4/24/2019
Humbert,Lomas,hlomasqb@boston.com,3/24/2019
Bryanty,Trenear,btrenearqc@guardian.co.uk,11/4/2018
Yancey,Lazarus,ylazarusqd@prweb.com,10/11/2018
Christal,Crosscombe,ccrosscombeqe@feedburner.com,5/24/2019
Arabelle,Flay,aflayqf@census.gov,6/4/2019
Tynan,Highnam,thighnamqg@reddit.com,9/12/2018
Shelton,Morforth,smorforthqh@quantcast.com,8/7/2018
Boothe,Adair,badairqi@drupal.org,11/18/2018
Gran,Brabban,gbrabbanqj@mozilla.com,8/15/2018
Quentin,Pitkeathly,qpitkeathlyqk@vimeo.com,5/3/2019
Giulio,Lantry,glantryql@creativecommons.org,5/8/2019
Fidelio,Binley,fbinleyqm@upenn.edu,8/29/2018
Scot,Kunzel,skunzelqn@biglobe.ne.jp,3/9/2019
Brew,Coatman,bcoatmanqo@comcast.net,10/16/2018
Neall,Pyott,npyottqp@1und1.de,3/14/2019
Ham,Cammish,hcammishqq@cisco.com,7/10/2019
Xylia,Bohlens,xbohlensqr@shop-pro.jp,1/25/2019
Cindie,Slessar,cslessarqs@hibu.com,1/7/2019
Lucretia,Folan,lfolanqt@xrea.com,6/16/2019
Tomasina,Sager,tsagerqu@wunderground.com,2/9/2019
Glory,Wrathmall,gwrathmallqv@amazonaws.com,1/23/2019
Sarette,Akett,sakettqw@blogger.com,1/17/2019
Fanechka,Cheese,fcheeseqx@sciencedirect.com,12/6/2018
Denice,Aimeric,daimericqy@mapy.cz,10/8/2018
Ortensia,Thowless,othowlessqz@example.com,1/25/2019
Ezekiel,Itzcak,eitzcakr0@godaddy.com,1/7/2019
Saudra,Longea,slongear1@newyorker.com,3/21/2019
Ugo,Coates,ucoatesr2@disqus.com,6/21/2019
Catlee,Cruddas,ccruddasr3@indiatimes.com,2/1/2019
Thomasa,Cozins,tcozinsr4@unc.edu,3/12/2019
Daloris,Dillinger,ddillingerr5@nationalgeographic.com,6/22/2019
Prudy,Goneau,pgoneaur6@ucoz.ru,2/1/2019
Melly,Duggon,mduggonr7@mapquest.com,3/30/2019
Coleman,Eakle,ceakler8@mapy.cz,3/7/2019
Janina,Keling,jkelingr9@dailymail.co.uk,3/20/2019
Myra,Mateev,mmateevra@hc360.com,5/18/2019
Tiffy,Van der Hoven,tvanderhovenrb@google.ru,4/16/2019
Francine,Banck,fbanckrc@toplist.cz,4/14/2019
Jayne,Peplow,jpeplowrd@symantec.com,1/24/2019
Alexine,Cale,acalere@chronoengine.com,2/24/2019
Ted,Americi,tamericirf@princeton.edu,1/8/2019
Forrest,Choulerton,fchoulertonrg@apple.com,5/17/2019
Lockwood,Brasier,lbrasierrh@ucla.edu,11/2/2018
Cathee,Alcott,calcottri@state.gov,8/16/2018
Simona,Heining,sheiningrj@yelp.com,11/17/2018
Nefen,Laverick,nlaverickrk@behance.net,9/16/2018
Tore,Kyte,tkyterl@skyrock.com,11/15/2018
Ab,Crouch,acrouchrm@rediff.com,9/20/2018
Rosalind,Dunckley,rdunckleyrn@cnn.com,12/22/2018
Arda,Rape,arapero@digg.com,9/10/2018
Harman,McWhin,hmcwhinrp@amazon.co.jp,3/4/2019
Shantee,Glossup,sglossuprq@pcworld.com,10/21/2018
Carver,Cronk,ccronkrr@nydailynews.com,3/3/2019
